"ID","default"
5,1
17,1
19,0
23,0
27,0
30,0
32,0
34,1
37,0
38,0
42,0
58,0
61,1
65,0
68,0
71,0
80,0
81,1
95,1
96,1
97,1
100,1
103,1
105,1
106,0
107,0
116,1
118,1
120,1
123,0
127,0
130,1
133,1
140,0
141,0
146,0
157,0
161,0
163,1
167,0
178,0
179,1
181,0
189,1
194,0
205,0
206,1
209,0
219,1
232,1
238,1
239,0
245,0
246,1
255,0
259,1
261,1
264,1
267,0
274,0
284,1
291,0
297,0
299,1
304,1
308,1
311,1
315,1
316,0
322,0
328,1
332,1
344,0
347,1
352,1
355,1
372,0
376,1
377,0
382,1
385,0
388,0
392,0
398,0
414,1
428,1
433,1
437,0
441,0
456,0
463,1
467,0
468,1
482,0
491,0
492,0
499,0
501,1
512,0
520,1
528,1
531,0
538,0
544,0
546,0
548,1
549,0
552,1
558,1
563,0
564,1
566,1
573,0
588,1
595,1
600,0
603,1
605,1
608,0
611,1
615,0
621,0
622,1
629,1
643,0
646,0
647,1
649,1
650,0
653,1
657,0
661,0
673,1
674,1
676,1
677,0
683,1
684,0
688,1
690,0
695,0
703,0
710,0
718,0
720,0
721,0
724,1
725,1
732,0
745,0
749,1
752,1
755,1
759,1
761,0
762,0
766,1
770,0
771,0
784,0
794,0
796,1
797,1
798,1
805,1
806,1
808,1
812,0
813,1
814,1
817,1
819,1
824,0
827,0
843,0
844,0
848,1
856,0
861,0
867,1
874,1
877,0
880,0
890,1
895,1
896,1
899,1
900,0
901,1
906,1
915,1
926,0
927,0
928,1
933,0
942,0
952,0
953,0
956,0
957,0
959,0
960,1
961,0
964,1
969,0
984,1
985,0
996,1
997,0
1002,0
1008,1
1010,0
1011,1
1013,1
1016,1
1025,1
1027,1
1033,0
1035,1
1043,0
1052,1
1053,0
1054,0
1064,1
1067,0
1068,0
1070,1
1073,1
1074,1
1079,1
1087,1
1088,1
1095,0
1104,0
1109,1
1110,1
1111,1
1115,0
1122,0
1125,1
1127,1
1128,1
1137,0
1139,0
1141,0
1147,1
1149,1
1152,0
1155,1
1156,1
1158,0
1159,1
1169,0
1174,0
1176,0
1182,1
1194,0
1197,0
1201,1
1203,0
1206,0
1208,0
1213,0
1216,0
1218,0
1221,0
1224,0
1227,1
1229,1
1230,1
1231,0
1237,1
1238,0
1239,1
1240,1
1242,1
1243,0
1244,0
1245,0
1251,1
1253,1
1259,1
1266,1
1267,1
1272,0
1277,1
1278,0
1292,1
1299,0
1301,0
1302,1
1307,0
1309,1
1314,0
1326,0
1329,1
1333,0
1334,0
1342,0
1345,1
1346,1
1354,1
1355,1
1361,1
1366,0
1368,0
1376,0
1383,0
1387,0
1388,0
1395,0
1402,1
1406,0
1408,1
1410,0
1415,0
1426,0
1443,1
1450,1
1453,1
1460,1
1461,1
1483,0
1485,1
1486,0
1495,0
1496,0
1497,1
1498,1
1499,0
1507,0
1511,0
1512,0
1513,0
1520,0
1525,0
1530,1
1536,1
1546,1
1548,1
1552,0
1559,1
1564,1
1580,0
1600,1
1602,1
1604,0
1612,0
1625,0
1626,0
1627,1
1634,0
1637,1
1641,0
1647,0
1650,0
1653,0
1660,1
1661,0
1666,1
1672,1
1674,0
1675,0
1686,0
1687,1
1696,0
1702,1
1711,0
1721,0
1723,0
1733,0
1736,0
1738,0
1746,1
1750,0
1761,1
1762,0
1776,0
1781,0
1783,0
1785,0
1790,1
1793,1
1798,0
1809,0
1810,1
1812,0
1814,0
1826,1
1837,0
1841,1
1845,1
1847,0
1850,0
1851,1
1864,0
1865,0
1867,1
1871,0
1874,0
1875,1
1879,1
1882,1
1883,1
1885,1
1893,1
1898,0
1906,0
1907,1
1914,0
1924,0
1925,1
1926,0
1927,0
1928,1
1929,1
1935,1
1940,0
1943,0
1945,1
1949,1
1950,1
1951,1
1953,0
1970,1
1972,1
1973,0
1980,0
1983,1
1987,1
1989,1
1990,1
1991,0
1996,0
2005,1
2008,0
2009,0
2019,1
2022,1
2028,0
2031,0
2033,0
2047,0
2048,0
2050,1
2051,0
2055,0
2057,0
2067,1
2068,0
2071,0
2073,1
2075,1
2082,0
2083,1
2084,0
2092,1
2094,0
2096,1
2100,0
2115,0
2116,0
2119,1
2124,1
2130,0
2138,1
2139,0
2141,1
2146,1
2149,0
2151,0
2152,1
2153,1
2160,1
2164,1
2181,0
2185,1
2188,0
2189,1
2192,1
2199,1
2202,0
2204,0
2206,0
2208,0
2209,1
2213,1
2214,0
2216,0
2226,1
2232,1
2233,1
2236,0
2238,1
2242,0
2256,0
2259,0
2260,0
2265,0
2266,1
2270,1
2290,1
2293,0
2294,0
2318,0
2320,1
2328,1
2329,0
2330,1
2334,0
2347,0
2351,1
2359,1
2372,0
2378,0
2379,0
2382,0
2384,0
2387,0
2390,0
2391,0
2402,0
2410,1
2411,0
2412,1
2413,0
2414,1
2419,0
2421,1
2425,1
2434,0
2436,1
2441,0
2442,0
2449,0
2451,0
2456,1
2459,1
2464,0
2475,1
2480,0
2486,1
2497,0
2504,0
2505,1
2508,1
2516,0
2521,0
2531,1
2542,0
2544,1
2550,1
2560,0
2565,0
2573,1
2578,1
2580,1
2583,1
2584,0
2585,0
2591,1
2594,1
2601,1
2604,1
2606,0
2608,0
2616,0
2624,1
2627,0
2628,0
2629,1
2640,1
2642,0
2650,0
2651,0
2653,0
2656,1
2659,0
2661,0
2662,0
2663,1
2666,0
2672,1
2681,1
2688,0
2697,1
2707,1
2709,1
2713,0
2725,0
2730,1
2731,1
2734,1
2735,1
2736,1
2739,0
2742,0
2743,1
2747,0
2752,1
2753,0
2754,1
2756,1
2757,1
2759,0
2760,0
2761,0
2767,0
2771,0
2778,1
2783,1
2785,1
2788,0
2793,0
2799,0
2801,1
2805,0
2806,0
2808,1
2814,0
2827,0
2829,1
2836,0
2840,1
2848,0
2850,0
2858,0
2861,0
2865,1
2867,1
2874,0
2881,0
2885,0
2888,1
2892,0
2897,1
2908,0
2912,0
2931,1
2936,0
2945,0
2949,1
2957,0
2967,0
2970,0
2974,1
2981,1
2988,1
2989,1
2991,1
2992,0
2993,1
2995,1
2996,1
3000,0
3004,0
3008,1
3017,1
3019,1
3026,1
3027,1
3029,0
3030,0
3040,0
3042,0
3043,1
3046,0
3047,0
3056,0
3058,0
3060,0
3062,0
3063,0
3065,1
3066,0
3069,0
3071,1
3073,1
3076,1
3077,0
3082,0
3096,1
3100,0
3102,1
3104,1
3106,0
3109,1
3114,0
3116,1
3118,1
3119,1
3132,1
3138,1
3139,1
3144,0
3148,0
3153,0
3154,0
3160,1
3161,0
3169,0
3172,1
3177,1
3178,0
3185,0
3188,0
3194,0
3201,0
3202,1
3207,1
3211,1
3213,0
3217,1
3220,0
3223,0
3225,1
3235,1
3237,0
3244,1
3247,1
3248,0
3249,1
3255,0
3257,1
3266,1
3267,0
3269,0
3273,1
3286,0
3288,0
3289,1
3294,0
3296,1
3307,0
3314,0
3316,0
3317,0
3318,0
3320,0
3322,0
3325,0
3326,1
3329,0
3334,1
3339,0
3340,1
3344,1
3347,1
3350,0
3355,0
3359,0
3362,0
3363,1
3365,1
3369,1
3370,0
3376,1
3380,0
3381,0
3383,0
3386,0
3397,1
3408,0
3413,1
3419,1
3420,0
3426,1
3429,0
3430,1
3434,0
3438,0
3446,1
3448,1
3460,0
3464,1
3466,1
3467,1
3470,0
3472,1
3474,1
3475,0
3476,0
3492,0
3495,0
3496,1
3504,1
3505,0
3507,1
3511,1
3516,0
3522,1
3523,1
3525,0
3529,1
3530,0
3534,1
3548,0
3551,1
3552,0
3558,0
3559,0
3560,1
3563,0
3567,0
3583,0
3589,0
3592,1
3593,0
3596,1
3597,1
3598,0
3599,1
3605,0
3607,0
3613,1
3617,1
3620,0
3623,1
3626,1
3630,0
3637,0
3643,0
3645,0
3647,1
3651,0
3652,0
3665,0
3671,1
3672,1
3673,1
3681,1
3682,1
3684,1
3690,1
3691,1
3696,1
3710,1
3716,0
3719,0
3731,1
3734,0
3736,0
3741,0
3744,1
3748,0
3751,0
3752,0
3759,0
3768,1
3777,1
3781,1
3786,1
3790,0
3794,0
3795,1
3797,0
3804,0
3807,0
3816,0
3822,1
3823,1
3828,1
3830,1
3834,0
3836,0
3852,1
3853,1
3859,0
3866,0
3872,1
3873,1
3878,0
3881,1
3884,0
3887,1
3893,0
3894,0
3897,0
3898,0
3902,1
3903,1
3907,0
3911,1
3918,1
3922,1
3923,1
3931,0
3932,1
3938,1
3944,0
3947,0
3950,1
3954,1
3958,0
3959,1
3970,1
3973,0
3976,0
3986,1
3988,0
3992,1
3995,0
4003,1
4006,0
4008,0
4013,1
4019,0
4020,1
4021,0
4023,1
4026,0
4028,0
4034,0
4037,0
4038,1
4046,1
4048,0
4050,0
4051,1
4060,1
4061,1
4064,1
4065,0
4066,0
4078,0
4081,1
4091,0
4093,0
4094,0
4095,0
4096,0
4104,0
4120,0
4123,1
4134,0
4136,0
4139,1
4140,0
4142,1
4146,1
4147,1
4156,1
4157,0
4158,0
4160,1
4164,0
4170,0
4172,1
4176,1
4190,0
4193,1
4199,1
4200,0
4231,0
4238,1
4242,1
4243,1
4244,0
4246,0
4253,0
4257,0
4258,0
4259,1
4262,0
4266,0
4267,1
4268,1
4269,1
4271,0
4272,0
4273,1
4274,1
4276,1
4294,1
4314,0
4321,0
4323,0
4330,1
4339,0
4343,1
4368,0
4370,1
4372,0
4374,0
4375,0
4376,0
4377,0
4383,0
4388,1
4392,1
4395,0
4398,0
4400,1
4407,0
4410,0
4416,1
4423,0
4435,0
4441,0
4446,0
4456,1
4459,0
4463,1
4464,0
4465,1
4472,1
4487,1
4488,1
4494,1
4499,1
4509,0
4510,1
4514,0
4515,0
4519,0
4520,1
4521,1
4524,1
4544,1
4546,1
4552,0
4554,0
4557,0
4558,1
4559,0
4560,0
4569,0
4570,0
4578,1
4580,0
4583,0
4586,1
4587,0
4593,1
4599,1
4601,1
4609,1
4610,1
4619,1
4626,1
4628,1
4630,1
4637,1
4638,0
4643,0
4648,1
4649,0
4657,0
4663,1
4664,1
4665,1
4666,0
4667,1
4668,0
4680,0
4685,1
4687,1
4688,1
4691,1
4700,1
4701,0
4703,0
4704,1
4706,0
4709,1
4712,0
4715,1
4717,0
4720,0
4731,1
4732,0
4748,0
4750,1
4751,0
4756,1
4763,1
4767,1
4772,0
4773,1
4774,1
4775,0
4789,0
4791,0
4792,0
4794,1
4802,0
4803,1
4806,1
4813,1
4816,0
4817,1
4821,0
4843,0
4846,0
4847,0
4848,1
4853,1
4854,1
4862,0
4869,0
4877,0
4883,0
4894,0
4895,0
4896,1
4898,1
4902,1
4903,1
4905,0
4907,1
4909,0
4910,0
4922,1
4925,1
4926,1
4930,0
4940,1
4944,0
4946,0
4950,0
4953,0
4957,0
4960,0
4962,0
4963,1
4975,1
4976,0
4978,1
4980,1
4982,1
4992,1
4996,1
5004,0
5007,1
5009,1
5014,0
5015,0
5019,0
5038,1
5051,0
5063,1
5066,0
5067,0
5070,0
5071,0
5075,0
5077,0
5083,1
5086,1
5087,0
5089,1
5090,1
5091,0
5093,0
5096,0
5102,1
5106,1
5109,0
5111,0
5117,1
5120,1
5140,0
5141,0
5142,0
5158,1
5160,1
5164,1
5174,0
5178,1
5182,1
5185,1
5192,1
5193,0
5196,0
5198,1
5203,1
5206,0
5210,1
5217,0
5220,0
5226,1
5227,0
5232,0
5236,1
5241,1
5249,0
5257,1
5260,1
5272,0
5273,0
5275,0
5276,1
5280,0
5283,0
5285,1
5289,0
5291,1
5298,0
5301,1
5302,0
5304,1
5312,0
5316,0
5317,0
5333,1
5334,0
5338,0
5341,0
5344,0
5347,0
5355,1
5356,0
5360,0
5361,0
5375,1
5379,0
5384,0
5393,1
5395,0
5399,0
5401,0
5415,1
5422,1
5429,0
5434,0
5439,0
5442,0
5444,0
5445,1
5448,0
5459,1
5461,1
5467,1
5470,1
5471,1
5474,0
5482,0
5485,1
5492,0
5501,1
5505,1
5507,0
5509,0
5519,0
5535,1
5539,1
5541,0
5543,1
5546,0
5549,1
5551,0
5555,1
5562,1
5563,0
5564,0
5566,0
5567,0
5573,0
5583,1
5584,0
5585,0
5587,1
5592,1
5596,1
5597,0
5598,0
5599,0
5601,1
5602,1
5605,1
5608,1
5614,0
5616,1
5617,0
5620,0
5624,0
5629,0
5633,1
5636,0
5640,0
5641,0
5645,1
5649,1
5657,0
5659,1
5662,0
5664,1
5668,1
5673,1
5699,0
5701,1
5714,1
5719,1
5721,0
5733,0
5734,0
5738,1
5745,0
5751,1
5755,0
5759,0
5767,0
5779,0
5781,0
5782,1
5784,0
5785,0
5794,1
5795,0
5798,1
5813,1
5815,0
5821,1
5822,0
5824,1
5828,1
5844,1
5846,0
5848,1
5853,1
5859,1
5860,1
5864,1
5866,1
5869,0
5870,1
5885,1
5899,1
5901,0
5905,0
5914,1
5916,1
5918,0
5922,1
5927,1
5928,0
5929,0
5935,1
5938,1
5944,0
5950,1
5958,0
5969,1
5975,0
5976,0
5980,1
5989,1
5991,0
5993,0
5998,1
6003,1
6008,0
6011,0
6012,1
6014,0
6015,0
6019,1
6020,0
6030,0
6034,0
6039,1
6040,0
6047,0
6056,1
6064,1
6069,0
6078,1
6086,0
6090,1
6098,1
6099,1
6101,0
6103,1
6106,1
6111,0
6112,0
6115,0
6117,0
6121,0
6123,0
6125,0
6133,0
6134,0
6135,1
6137,0
6152,1
6162,0
6163,1
6165,1
6166,1
6167,1
6168,0
6171,0
6172,1
6186,1
6188,1
6197,1
6199,1
6201,0
6203,0
6207,0
6211,1
6221,1
6222,0
6245,1
6246,0
6247,0
6248,1
6249,0
6254,1
6260,1
6263,1
6265,1
6266,1
6271,1
6281,1
6282,0
6285,1
6292,0
6310,0
6313,0
6314,1
6315,1
6316,1
6318,0
6321,1
6324,1
6334,0
6335,0
6336,1
6344,0
6346,0
6352,1
6365,1
6369,0
6370,0
6376,0
6377,0
6381,0
6388,1
6396,1
6397,1
6399,0
6400,1
6404,0
6407,0
6409,0
6421,0
6423,0
6426,0
6427,0
6430,0
6432,0
6436,0
6437,1
6442,0
6445,1
6449,1
6459,0
6460,1
6462,0
6469,0
6477,1
6496,0
6498,0
6500,1
6501,1
6502,1
6505,1
6506,1
6511,0
6512,0
6521,1
6522,1
6523,1
6538,1
6539,1
6541,1
6544,0
6554,1
6563,0
6565,0
6567,1
6571,0
6573,0
6579,0
6582,1
6586,0
6598,1
6599,1
6604,1
6609,1
6611,0
6614,0
6624,0
6627,1
6632,1
6638,1
6652,1
6654,1
6658,1
6662,0
6667,1
6673,1
6679,1
6682,1
6686,1
6688,1
6691,1
6696,0
6698,0
6701,0
6704,1
6710,0
6714,0
6716,1
6720,0
6726,1
6727,0
6729,0
6734,0
6743,1
6745,0
6747,1
6748,1
6749,0
6750,0
6752,0
6759,1
6760,0
6769,1
6772,1
6773,1
6777,0
6779,1
6785,0
6787,0
6788,1
6791,1
6801,1
6804,0
6814,0
6815,0
6816,0
6821,1
6824,1
6827,1
6840,1
6842,1
6843,0
6845,0
6846,1
6848,0
6849,1
6852,0
6855,0
6861,1
6866,1
6867,0
6871,0
6874,1
6875,0
6878,0
6881,0
6887,1
6892,0
6894,1
6895,0
6901,0
6905,0
6906,1
6908,1
6909,1
6910,1
6916,0
6917,1
6919,1
6924,0
6926,1
6927,0
6928,1
6929,0
6940,1
6941,1
6943,0
6946,0
6947,1
6949,1
6950,0
6952,1
6953,1
6964,0
6971,1
6976,0
6980,1
6982,1
6986,1
6988,0
6991,0
6994,0
7000,1
7003,0
7006,1
7014,0
7018,1
7025,1
7030,0
7039,1
7044,0
7051,0
7060,0
7062,1
7077,1
7082,0
7083,1
7088,0
7095,1
7096,1
7098,0
7111,1
7121,1
7125,0
7126,1
7132,1
7133,1
7135,0
7136,1
7139,1
7143,0
7144,1
7148,1
7157,1
7159,1
7165,1
7167,0
7175,0
7176,0
7180,1
7181,0
7183,1
7187,0
7189,0
7193,0
7194,0
7195,0
7206,0
7209,0
7216,1
7217,0
7225,0
7229,0
7233,0
7236,0
7241,0
7246,0
7257,0
7259,1
7263,1
7264,1
7272,0
7276,0
7278,0
7281,1
7282,1
7284,0
7292,1
7295,1
7298,0
7318,1
7320,0
7326,0
7330,1
7333,1
7335,0
7343,0
7355,1
7359,1
7361,0
7362,0
7365,0
7371,1
7373,0
7376,1
7379,0
7384,1
7385,0
7392,0
7394,1
7395,0
7402,1
7405,0
7410,1
7418,1
7424,1
7429,1
7430,0
7440,0
7446,0
7447,1
7448,0
7454,1
7456,0
7458,0
7464,1
7465,1
7466,1
7467,1
7470,1
7471,0
7475,0
7476,0
7484,1
7488,0
7497,1
7498,1
7499,1
7509,0
7510,0
7512,1
7515,0
7519,1
7523,1
7525,1
7528,1
7529,1
7535,0
7539,1
7557,0
7562,1
7571,0
7573,1
7574,1
7578,0
7579,0
7581,1
7585,0
7589,1
7590,0
7592,1
7594,0
7596,0
7597,1
7601,1
7603,1
7610,0
7620,0
7628,1
7655,1
7656,0
7669,1
7675,0
7678,1
7679,0
7681,1
7683,0
7684,0
7687,0
7690,0
7696,1
7699,1
7700,1
7719,1
7725,0
7733,0
7735,1
7736,1
7738,0
7741,1
7746,1
7748,1
7752,0
7757,0
7760,1
7763,1
7766,1
7768,1
7773,1
7787,1
7789,1
7794,1
7795,1
7797,1
7798,0
7799,1
7800,0
7804,1
7806,0
7823,1
7826,0
7829,1
7833,1
7834,1
7835,1
7839,0
7842,0
7850,1
7866,1
7870,1
7871,0
7874,1
7886,1
7887,1
7891,0
7893,1
7895,1
7898,1
7899,1
7901,1
7912,0
7920,0
7928,0
7932,0
7934,1
7936,0
7937,1
7949,0
7951,1
7957,0
7967,0
7968,0
7977,0
7979,0
7995,0
8000,1
8002,1
8004,1
8005,1
8008,1
8015,1
8016,0
8030,1
8031,0
8032,0
8033,0
8035,1
8037,1
8039,1
8040,1
8041,1
8043,0
8047,0
8063,0
8064,0
8065,1
8067,0
8068,0
8080,0
8087,1
8088,1
8090,1
8091,0
8093,1
8094,1
8098,1
8100,1
8101,1
8110,0
8111,1
8122,1
8123,0
8127,1
8129,0
8135,1
8136,1
8139,1
8145,0
8149,0
8150,1
8156,1
8160,0
8164,0
8169,0
8170,0
8172,1
8176,0
8178,1
8187,1
8190,1
8199,0
8204,0
8205,0
8210,1
8215,1
8217,0
8221,1
8236,0
8240,1
8242,1
8248,1
8256,0
8259,1
8262,1
8264,0
8272,1
8279,1
8286,1
8299,0
8300,1
8303,1
8304,1
8313,0
8324,0
8325,1
8326,1
8336,1
8338,1
8341,1
8342,1
8346,1
8347,1
8348,0
8349,0
8354,1
8357,1
8362,0
8363,0
8388,0
8391,0
8392,1
8398,1
8400,1
8401,1
8406,0
8408,1
8426,1
8435,1
8446,0
8448,1
8452,0
8456,1
8457,0
8458,0
8459,1
8460,1
8462,1
8466,1
8467,0
8475,0
8478,0
8482,0
8483,1
8484,1
8486,0
8491,1
8501,0
8504,0
8505,0
8506,1
8516,0
8522,1
8526,0
8527,0
8536,1
8538,0
8540,1
8555,1
8557,1
8559,0
8562,0
8563,0
8564,0
8565,0
8567,0
8578,1
8582,0
8585,1
8586,1
8588,1
8592,1
8595,0
8598,1
8601,0
8602,0
8604,1
8605,1
8610,0
8612,1
8615,1
8617,0
8621,1
8623,0
8624,1
8627,0
8630,1
8632,0
8637,0
8649,1
8655,1
8661,1
8663,0
8664,0
8668,0
8669,1
8671,0
8681,1
8689,0
8690,1
8692,1
8693,0
8697,1
8701,1
8705,1
8707,0
8713,1
8719,1
8727,1
8730,0
8736,0
8745,0
8747,0
8751,1
8755,1
8759,1
8782,0
8784,0
8792,1
8793,1
8795,0
8808,0
8810,1
8813,0
8815,0
8823,0
8836,0
8841,0
8845,1
8862,0
8864,1
8873,0
8874,0
8876,1
8882,0
8887,1
8891,1
8894,1
8898,0
8902,0
8906,1
8907,1
8913,0
8914,0
8916,0
8919,1
8925,1
8939,0
8948,1
8957,1
8964,0
8976,0
8983,1
8984,1
8986,0
8987,1
8988,1
8992,1
8995,1
8997,1
9003,1
9005,1
9011,0
9012,0
9014,0
9016,0
9043,0
9046,0
9048,1
9051,1
9052,1
9054,0
9057,1
9070,1
9072,1
9085,0
9086,1
9087,0
9088,0
9090,0
9095,0
9096,1
9109,1
9115,0
9117,0
9119,0
9121,1
9126,0
9131,1
9133,1
9135,0
9141,0
9142,1
9145,0
9154,0
9156,1
9159,0
9164,1
9165,0
9166,0
9167,0
9172,1
9173,1
9175,1
9176,1
9181,1
9184,1
9189,1
9196,0
9197,0
9201,1
9202,0
9205,0
9213,0
9214,1
9221,0
9224,1
9228,0
9237,0
9239,0
9240,1
9247,1
9258,0
9263,1
9277,1
9279,0
9280,1
9286,0
9288,1
9289,1
9291,0
9295,0
9299,0
9306,0
9308,0
9312,0
9314,0
9322,1
9327,1
9328,0
9333,0
9343,0
9347,0
9350,1
9352,0
9360,0
9366,1
9369,0
9371,1
9381,1
9385,1
9386,0
9389,1
9391,0
9398,1
9399,0
9401,0
9403,1
9404,0
9405,0
9412,0
9414,0
9415,1
9416,1
9417,1
9421,1
9424,1
9429,0
9435,0
9439,0
9443,0
9444,1
9458,0
9462,0
9464,1
9468,0
9470,1
9490,1
9491,0
9493,1
9499,0
9503,0
9509,1
9510,0
9517,0
9526,1
9532,1
9534,1
9540,0
9547,1
9552,0
9555,1
9563,1
9566,0
9574,0
9577,0
9578,1
9583,0
9588,1
9608,0
9611,1
9612,0
9614,0
9617,1
9636,0
9642,1
9645,0
9654,1
9655,1
9660,0
9661,1
9666,0
9667,1
9669,1
9672,0
9675,0
9677,1
9684,1
9700,0
9703,0
9704,1
9709,1
9713,1
9717,1
9722,0
9723,1
9725,0
9727,0
9733,1
9734,1
9736,1
9738,0
9739,0
9740,0
9742,0
9748,1
9749,0
9759,1
9764,1
9766,1
9776,1
9786,1
9792,1
9795,1
9797,0
9801,1
9807,0
9810,0
9811,0
9816,1
9819,0
9824,1
9830,0
9832,0
9834,1
9835,1
9836,0
9838,0
9841,0
9847,0
9850,1
9853,1
9860,0
9866,0
9870,1
9873,1
9874,0
9875,1
9878,0
9880,0
9884,0
9885,0
9892,0
9896,0
9900,0
9903,0
9907,1
9915,0
9917,0
9919,1
9920,0
9921,1
9923,1
9925,0
9927,1
9931,0
9932,1
9935,1
9938,0
9950,1
9953,0
9965,0
9969,0
9971,1
9980,1
9986,1
9999,0
10000,1
10006,1
10009,1
10010,0
10011,0
10013,0
10014,0
10030,1
10032,0
10041,1
10045,1
10052,0
10053,1
10056,0
10066,0
10070,0
10072,0
10079,0
10086,0
10087,0
10089,0
10090,0
10091,1
10093,0
10099,1
10102,0
10104,0
10105,0
10108,1
10117,0
10118,1
10127,0
10134,1
10135,1
10139,1
10140,1
10141,1
10148,1
10149,0
10152,0
10153,0
10154,1
10155,0
10156,0
10158,0
10162,0
10167,0
10170,1
10171,1
10176,0
10177,0
10178,1
10194,1
10196,0
10199,1
10202,1
10206,0
10209,1
10215,0
10218,0
10220,0
10221,1
10222,1
10225,1
10230,1
10232,1
10237,0
10243,0
10249,0
10255,1
10259,0
10261,1
10269,0
10279,0
10283,1
10287,0
10290,0
10292,1
10300,0
10302,0
10303,0
10304,1
10305,0
10309,0
10330,1
10337,0
10343,1
10344,1
10350,1
10351,1
10358,0
10359,1
10363,1
10372,1
10379,0
10381,1
10382,1
10384,0
10385,0
10387,0
10388,0
10390,0
10393,1
10395,0
10396,0
10397,1
10408,1
10409,0
10415,1
10431,0
10438,1
10439,0
10440,0
10445,0
10450,0
10451,0
10452,1
10453,1
10457,1
10460,1
10462,1
10464,0
10466,1
10467,1
10468,1
10473,1
10485,1
10486,1
10487,0
10493,0
10496,0
10505,1
10527,1
10535,0
10538,0
10539,1
10549,0
10551,0
10556,0
10559,0
10560,0
10563,1
10566,1
10571,1
10576,0
10581,1
10596,0
10598,0
10604,1
10605,0
10608,0
10616,0
10619,1
10634,0
10636,1
10642,1
10644,1
10646,1
10654,1
10674,1
10682,1
10684,0
10690,1
10699,1
10700,1
10709,0
10711,1
10715,0
10716,1
10720,0
10724,1
10735,1
10739,0
10757,0
10762,1
10764,0
10771,1
10772,0
10773,0
10780,0
10781,1
10782,0
10785,1
10788,0
10796,1
10806,1
10810,0
10811,1
10812,1
10813,0
10814,1
10817,0
10823,1
10825,1
10827,1
10831,0
10833,1
10836,1
10837,1
10840,1
10842,0
10844,1
10849,1
10853,0
10854,0
10858,0
10861,0
10864,0
10866,0
10868,0
10870,1
10884,1
10889,0
10890,1
10895,0
10899,1
10903,0
10904,1
10914,0
10915,1
10917,0
10921,1
10922,1
10930,1
10932,1
10935,0
10938,1
10948,1
10949,1
10960,0
10971,0
10977,0
10981,0
10982,1
10990,0
10994,0
11004,1
11007,0
11016,1
11019,0
11020,1
11022,1
11032,1
11034,0
11037,1
11038,1
11042,1
11046,1
11054,1
11055,1
11059,1
11070,1
11071,1
11078,0
11082,1
11084,0
11101,0
11106,0
11109,1
11118,0
11122,1
11130,1
11133,1
11136,0
11142,1
11150,1
11151,1
11152,0
11153,1
11157,1
11159,1
11167,1
11168,1
11170,0
11173,1
11174,1
11175,1
11180,0
11182,1
11190,0
11191,1
11194,1
11196,0
11197,0
11198,1
11203,1
11204,1
11213,1
11219,1
11229,0
11232,0
11239,0
11240,1
11252,1
11258,0
11263,0
11264,0
11273,1
11274,1
11276,1
11278,1
11280,0
11282,0
11283,0
11286,1
11289,1
11300,0
11306,1
11312,0
11325,1
11326,0
11334,0
11339,1
11340,1
11355,0
11359,0
11360,1
11365,0
11367,1
11371,1
11374,0
11376,0
11377,0
11380,1
11382,1
11383,0
11396,1
11399,0
11404,0
11406,1
11410,1
11417,0
11418,1
11428,1
11443,1
11444,1
11446,0
11461,0
11463,1
11473,1
11483,0
11489,1
11494,0
11498,1
11502,0
11503,0
11513,1
11518,0
11519,0
11528,1
11538,0
11546,0
11552,1
11554,1
11558,1
11560,0
11576,0
11578,1
11589,0
11592,0
11599,1
11601,0
11605,0
11609,0
11611,0
11618,1
11619,1
11623,0
11624,1
11628,0
11632,0
11638,1
11644,1
11664,0
11674,1
11683,0
11695,0
11698,0
11700,0
11702,1
11710,0
11725,0
11727,0
11728,1
11732,1
11733,0
11739,1
11748,1
11753,0
11763,1
11764,1
11767,1
11772,1
11773,1
11774,1
11780,0
11783,1
11784,0
11788,0
11798,0
11801,0
11804,0
11805,1
11807,1
11815,1
11819,1
11826,1
11827,1
11831,1
11839,0
11845,0
11846,0
11853,0
11871,1
11892,0
11902,0
11903,0
11917,1
11920,1
11928,1
11933,1
11934,0
11940,0
11941,1
11942,0
11943,1
11953,1
11960,1
11963,0
11973,1
11974,0
11977,1
11983,0
11986,1
11989,1
11997,0
12001,0
12006,0
12009,1
12014,0
12023,0
12029,0
12032,0
12034,0
12038,1
12045,1
12054,1
12059,1
12061,0
12062,0
12066,1
12078,0
12083,0
12092,0
12096,1
12101,0
12102,1
12107,0
12108,1
12111,0
12113,1
12117,0
12130,1
12131,1
12137,1
12143,0
12149,0
12150,1
12151,1
12156,0
12157,1
12162,0
12164,0
12175,1
12180,0
12182,1
12184,0
12185,1
12189,0
12195,0
12200,0
12212,0
12215,1
12226,1
12227,1
12228,1
12229,1
12231,0
12236,0
12243,1
12250,1
12255,1
12256,0
12260,0
12261,0
12266,1
12267,0
12268,1
12272,1
12273,0
12282,1
12283,0
12284,0
12285,0
12292,0
12295,1
12296,1
12298,0
12299,1
12301,0
12302,1
12307,1
12312,0
12314,0
12315,1
12334,0
12337,0
12343,0
12348,0
12350,0
12373,1
12374,1
12376,0
12378,0
12379,0
12380,0
12383,1
12394,0
12402,1
12405,0
12411,1
12422,0
12423,0
12432,1
12439,0
12446,1
12450,1
12451,0
12452,1
12454,0
12457,0
12459,0
12463,1
12466,0
12470,0
12476,0
12478,0
12479,1
12483,0
12484,1
12487,0
12488,0
12491,0
12496,1
12505,1
12506,1
12507,0
12512,1
12526,0
12538,0
12539,1
12544,0
12545,1
12546,0
12551,1
12560,1
12561,0
12566,1
12567,0
12570,0
12577,1
12583,0
12584,1
12586,0
12590,0
12597,1
12600,1
12605,0
12606,0
12607,1
12611,0
12620,0
12625,1
12627,0
12648,1
12650,0
12654,0
12657,1
12661,0
12665,1
12668,1
12681,1
12696,1
12697,0
12700,1
12705,0
12707,1
12714,0
12717,0
12719,0
12720,1
12724,0
12725,1
12726,1
12746,0
12749,0
12751,0
12752,0
12754,1
12759,1
12764,1
12768,1
12776,1
12779,0
12780,0
12783,0
12785,1
12787,0
12789,1
12797,1
12810,1
12811,1
12812,0
12813,1
12819,0
12820,1
12822,0
12832,0
12835,1
12839,1
12840,1
12841,0
12851,1
12852,1
12857,0
12863,0
12868,1
12869,1
12870,0
12872,0
12876,1
12884,1
12886,0
12890,1
12891,0
12894,1
12895,1
12897,1
12900,1
12905,1
12912,0
12913,1
12918,1
12919,0
12922,0
12924,1
12926,1
12931,1
12934,0
12941,0
12946,0
12947,1
12948,1
12949,1
12956,1
12957,0
12958,0
12959,0
12962,0
12965,0
12971,1
12981,1
12994,0
12995,0
12997,1
12999,1
13002,0
13003,1
13005,0
13015,1
13021,1
13022,0
13024,1
13029,0
13034,1
13037,1
13038,1
13039,1
13040,0
13044,1
13046,1
13057,0
13060,1
13062,1
13067,1
13069,1
13083,1
13084,1
13104,1
13124,0
13127,1
13136,0
13142,1
13145,1
13146,1
13152,1
13158,0
13161,0
13169,1
13171,1
13173,0
13176,1
13180,1
13182,1
13183,1
13192,1
13193,1
13197,1
13215,1
13216,0
13217,0
13226,0
13227,0
13238,0
13239,1
13252,1
13255,0
13256,1
13264,0
13265,1
13273,1
13275,0
13282,0
13285,1
13288,0
13289,1
13291,1
13292,1
13294,1
13308,1
13311,0
13313,1
13319,1
13323,1
13325,0
13327,0
13328,1
13331,1
13336,0
13337,0
13341,1
13346,1
13350,1
13357,0
13358,1
13360,1
13367,1
13369,1
13375,1
13377,0
13378,0
13381,1
13383,1
13389,1
13390,1
13392,1
13393,0
13394,1
13395,1
13397,1
13404,1
13410,0
13413,0
13422,0
13425,1
13428,1
13438,1
13442,1
13448,0
13451,1
13452,0
13456,1
13466,0
13468,1
13469,1
13476,1
13483,1
13485,1
13489,0
13491,1
13492,1
13495,1
13503,1
13504,1
13507,1
13509,1
13512,0
13513,0
13520,1
13528,0
13529,0
13533,1
13535,1
13541,1
13548,0
13552,0
13553,1
13556,1
13569,0
13571,1
13574,1
13577,1
13580,1
13584,0
13585,1
13590,1
13591,1
13604,1
13607,0
13610,1
13617,1
13622,0
13623,1
13625,1
13630,1
13631,0
13634,1
13636,1
13643,0
13648,0
13650,1
13656,1
13663,0
13668,0
13673,0
13674,1
13680,1
13683,0
13689,1
13690,1
13696,1
13711,1
13713,0
13719,1
13720,0
13726,1
13728,1
13730,0
13731,0
13736,1
13740,0
13742,1
13745,0
13746,0
13747,0
13749,0
13757,1
13758,0
13759,0
13762,1
13764,0
13765,1
13775,0
13777,1
13780,0
13793,1
13796,0
13800,0
13805,0
13811,0
13819,0
13821,0
13822,0
13824,0
13826,0
13834,1
13835,0
13836,1
13841,0
13842,1
13843,0
13844,1
13848,0
13849,0
13850,0
13858,0
13861,0
13862,1
13865,0
13867,0
13874,1
13875,0
13882,1
13886,0
13887,1
13904,1
13916,0
13921,0
13932,0
13940,0
13941,1
13942,0
13947,0
13951,1
13952,0
13956,0
13959,0
13963,1
13966,0
13969,1
13971,0
13974,1
13989,1
13992,0
13994,0
13998,0
14006,1
14009,1
14013,1
14015,0
14026,0
14027,0
14031,0
14033,1
14034,0
14041,1
14047,1
14052,1
14064,1
14076,0
14077,1
14079,0
14080,0
14082,1
14089,0
14090,0
14092,0
14093,1
14096,0
14097,1
14099,1
14105,1
14110,1
14114,0
14119,0
14121,1
14130,1
14133,1
14134,1
14141,1
14147,1
14148,0
14151,1
14153,0
14160,1
14165,0
14166,0
14172,0
14173,1
14175,0
14177,0
14180,0
14185,1
14201,1
14208,0
14210,1
14211,0
14212,0
14217,1
14218,1
14226,1
14230,0
14232,0
14239,1
14241,1
14243,0
14245,0
14247,0
14253,0
14260,0
14263,0
14265,0
14266,1
14267,1
14268,0
14269,1
14270,1
14274,1
14275,1
14282,0
14287,0
14292,0
14294,0
14304,1
14306,0
14312,1
14313,1
14314,1
14317,1
14318,1
14321,0
14323,1
14325,1
14329,1
14338,0
14340,1
14353,1
14355,1
14356,1
14363,0
14365,0
14370,1
14376,0
14377,0
14381,1
14383,1
14385,1
14403,0
14407,1
14415,1
14417,0
14418,1
14419,1
14423,1
14424,0
14427,1
14440,0
14450,0
14452,1
14453,0
14474,0
14486,0
14488,0
14494,1
14495,1
14498,1
14500,1
14501,1
14504,1
14506,1
14512,0
14518,0
14528,1
14532,0
14536,1
14537,0
14542,0
14544,0
14549,1
14551,0
14553,1
14555,0
14559,1
14565,0
14567,0
14576,1
14582,0
14585,1
14586,1
14589,1
14590,1
14594,1
14607,1
14617,0
14619,1
14639,1
14640,1
14641,0
14642,1
14648,1
14659,0
14668,1
14669,1
14671,1
14684,0
14695,1
14696,0
14705,0
14712,0
14717,0
14729,0
14730,1
14734,1
14736,0
14738,1
14743,1
14746,0
14747,1
14749,0
14753,0
14754,0
14758,0
14766,0
14768,1
14771,1
14772,1
14777,0
14781,0
14787,0
14796,1
14801,1
14804,0
14806,0
14813,1
14818,0
14824,1
14828,0
14830,1
14836,1
14840,1
14847,1
14861,0
14865,1
14870,0
14876,0
14877,0
14878,0
14880,1
14897,0
14899,1
14901,1
14903,1
14906,0
14911,1
14913,0
14915,0
14916,0
14918,1
14919,0
14920,0
14927,0
14932,0
14940,0
14941,0
14969,1
14976,1
14978,1
14981,1
14982,0
14983,1
14984,0
14985,0
14989,0
14997,1
15005,1
15006,1
15008,1
15011,1
15013,1
15023,0
15027,1
15039,1
15052,0
15053,0
15059,0
15062,0
15064,1
15069,1
15075,1
15080,0
15082,1
15083,1
15086,1
15088,0
15092,0
15093,0
15094,0
15101,0
15105,1
15110,0
15115,0
15119,1
15123,1
15124,0
15126,0
15130,0
15131,0
15132,1
15133,0
15134,0
15135,0
15138,0
15141,0
15151,1
15155,1
15156,1
15161,1
15162,0
15165,1
15180,1
15183,1
15194,0
15195,1
15198,1
15201,1
15204,0
15206,0
15207,0
15210,1
15213,0
15215,0
15217,1
15223,1
15224,0
15228,0
15230,1
15234,0
15239,0
15241,1
15244,0
15248,1
15254,0
15255,0
15261,1
15262,0
15265,0
15266,0
15269,0
15277,1
15283,0
15291,1
15293,0
15302,0
15308,1
15314,0
15318,0
15319,0
15329,1
15331,1
15332,0
15338,1
15340,1
15342,1
15347,1
15354,0
15357,0
15365,0
15368,1
15373,0
15376,0
15378,1
15379,1
15383,1
15384,0
15389,0
15396,0
15402,1
15404,1
15407,0
15412,0
15419,0
15420,1
15424,0
15431,1
15434,0
15437,0
15444,0
15446,0
15447,0
15449,1
15450,0
15452,1
15453,0
15464,1
15473,1
15477,0
15478,0
15483,1
15497,1
15499,1
15503,0
15504,1
15506,0
15507,0
15512,0
15518,1
15522,1
15525,1
15526,0
15534,1
15536,0
15546,0
15547,1
15549,0
15552,0
15558,1
15562,0
15566,1
15583,1
15586,1
15593,0
15597,0
15600,1
15619,0
15622,0
15625,0
15627,1
15628,1
15633,1
15636,0
15637,0
15654,1
15663,1
15672,0
15673,0
15685,0
15692,1
15694,0
15702,0
15706,1
15707,1
15715,0
15720,1
15724,0
15726,1
15734,0
15735,1
15736,0
15740,0
15742,0
15744,1
15751,0
15752,0
15758,0
15763,1
15774,1
15777,1
15778,0
15781,0
15784,1
15786,1
15793,0
15797,0
15799,0
15804,1
15806,1
15807,0
15808,0
15809,1
15811,0
15812,1
15814,0
15816,0
15817,0
15824,1
15827,1
15830,0
15831,0
15832,0
15839,0
15846,1
15852,0
15863,0
15883,0
15888,1
15892,0
15894,1
15895,1
15896,0
15897,1
15902,0
15905,0
15909,0
15910,1
15911,0
15915,0
15916,1
15918,1
15921,1
15923,1
15928,1
15936,0
15943,1
15948,0
15960,1
15962,1
15965,1
15967,1
15972,1
15974,0
15980,1
15982,0
15995,1
15996,0
15999,1
16001,1
16003,1
16005,1
16008,1
16018,1
16022,1
16023,1
16031,1
16035,1
16039,0
16044,0
16045,0
16051,0
16056,1
16058,1
16065,1
16066,0
16067,0
16069,0
16077,1
16078,0
16081,1
16082,0
16085,1
16086,1
16091,0
16093,1
16095,1
16099,0
16100,1
16107,0
16111,0
16121,0
16123,1
16126,1
16128,1
16129,1
16132,1
16139,1
16142,1
16143,1
16148,0
16152,0
16159,1
16166,0
16174,0
16175,0
16181,1
16182,1
16195,1
16197,0
16201,1
16204,0
16205,0
16209,0
16218,0
16224,0
16225,0
16233,0
16234,1
16237,0
16242,0
16256,1
16258,0
16261,1
16265,1
16267,1
16269,0
16272,1
16274,1
16278,0
16282,1
16288,0
16290,1
16292,0
16304,0
16307,1
16317,0
16319,0
16326,1
16339,1
16341,0
16347,0
16348,0
16353,0
16356,0
16357,0
16360,0
16372,0
16374,0
16375,0
16382,1
16389,0
16391,1
16394,0
16396,0
16397,1
16415,0
16418,1
16419,0
16426,0
16430,1
16431,1
16440,1
16443,0
16447,1
16448,0
16454,0
16456,0
16469,1
16473,1
16476,0
16480,0
16483,0
16486,0
16488,0
16495,1
16496,0
16498,0
16503,0
16504,0
16505,1
16506,0
16507,0
16511,1
16518,1
16519,0
16522,1
16526,1
16527,1
16532,1
16537,0
16539,1
16540,1
16548,0
16552,1
16553,1
16559,1
16563,1
16564,0
16571,1
16579,1
16588,1
16596,1
16601,1
16605,1
16609,1
16611,1
16612,0
16613,1
16617,1
16619,0
16620,0
16624,1
16639,1
16651,1
16653,0
16656,0
16660,0
16668,0
16671,0
16678,0
16679,1
16682,0
16687,1
16688,1
16690,1
16700,0
16701,0
16704,1
16705,0
16708,1
16709,0
16724,0
16726,0
16734,0
16746,0
16762,0
16766,1
16769,0
16774,1
16780,0
16782,1
16786,0
16789,1
16797,1
16799,1
16801,0
16803,1
16804,0
16805,0
16825,1
16834,0
16842,1
16849,0
16860,0
16862,0
16883,1
16884,1
16886,0
16889,0
16891,0
16894,1
16897,1
16903,1
16905,1
16909,1
16917,0
16921,0
16929,1
16932,1
16940,1
16945,0
16948,1
16954,1
16957,0
16968,0
16972,1
16974,0
16980,0
16982,0
16985,1
16990,1
16991,0
16992,0
16999,1
17002,1
17006,1
17008,1
17011,1
17012,1
17014,0
17016,1
17019,1
17027,0
17028,1
17029,0
17033,1
17036,0
17037,0
17045,0
17047,0
17048,0
17051,1
17055,1
17058,1
17061,0
17064,1
17066,0
17067,1
17068,0
17072,0
17075,0
17086,0
17088,1
17091,0
17096,0
17109,1
17111,0
17116,0
17120,1
17121,0
17130,1
17132,0
17135,0
17138,1
17140,1
17143,0
17144,1
17146,1
17148,0
17154,0
17165,0
17178,0
17182,0
17186,1
17190,1
17195,1
17197,0
17198,1
17200,0
17201,1
17202,0
17208,0
17209,0
17212,0
17223,0
17227,0
17228,0
17230,0
17231,0
17233,1
17245,0
17248,0
17252,1
17256,1
17259,1
17265,1
17269,1
17273,1
17274,0
17287,0
17299,1
17305,0
17308,0
17313,1
17318,1
17328,1
17330,0
17339,1
17340,0
17341,0
17343,1
17347,0
17350,0
17355,0
17362,0
17364,1
17365,0
17366,1
17373,0
17374,1
17380,0
17385,0
17392,0
17393,1
17406,1
17407,0
17409,0
17410,1
17413,1
17419,1
17421,1
17426,0
17428,0
17435,0
17438,1
17441,0
17443,0
17448,0
17449,0
17464,1
17466,0
17469,1
17486,0
17491,0
17497,1
17499,0
17504,0
17513,1
17516,1
17517,0
17528,0
17531,1
17536,1
17549,1
17553,0
17562,1
17569,0
17572,0
17577,0
17582,0
17585,1
17587,1
17593,1
17597,0
17598,1
17607,0
17608,0
17611,0
17616,1
17617,1
17625,0
17627,1
17631,0
17635,1
17637,1
17648,1
17653,1
17660,0
17663,0
17686,1
17688,0
17694,1
17695,0
17697,1
17701,0
17702,1
17706,0
17708,0
17718,0
17729,0
17732,0
17734,0
17736,1
17741,1
17758,1
17760,1
17762,0
17766,0
17769,0
17772,1
17774,0
17775,1
17780,1
17784,1
17793,0
17798,0
17800,1
17801,0
17807,0
17812,1
17819,1
17821,1
17828,0
17833,1
17835,0
17838,0
17841,1
17845,0
17856,0
17864,0
17871,0
17887,1
17897,1
17898,0
17900,1
17902,1
17905,1
17913,1
17917,1
17918,1
17919,0
17922,0
17924,1
17927,1
17937,0
17947,1
17951,1
17968,1
17971,0
17973,0
17977,1
17982,0
17985,1
17986,1
17999,0
18001,0
18007,1
18008,1
18009,0
18013,0
18016,1
18018,0
18026,1
18027,1
18028,1
18037,1
18051,1
18053,0
18054,0
18058,1
18062,1
18063,1
18069,1
18070,0
18071,0
18072,0
18074,0
18078,1
18079,1
18082,1
18085,1
18100,1
18122,0
18127,1
18129,1
18130,0
18132,1
18137,0
18138,0
18142,1
18151,0
18162,1
18170,1
18174,0
18179,1
18181,0
18183,0
18186,1
18188,0
18207,1
18211,1
18215,1
18217,0
18219,0
18220,0
18222,0
18224,0
18226,0
18231,0
18239,1
18240,1
18245,0
18246,0
18249,1
18253,0
18257,1
18260,0
18267,1
18271,1
18285,0
18289,1
18295,1
18297,0
18299,0
18302,1
18304,0
18306,0
18321,0
18325,1
18327,1
18328,0
18330,0
18335,0
18336,1
18343,1
18347,0
18358,0
18361,0
18368,1
18369,0
18380,1
18383,0
18384,1
18389,1
18396,1
18397,0
18399,1
18409,0
18413,0
18416,1
18419,1
18429,1
18430,0
18431,0
18450,1
18452,1
18459,0
18472,1
18476,0
18478,1
18481,1
18483,0
18485,1
18493,1
18495,0
18498,0
18503,1
18508,0
18515,0
18521,1
18527,0
18529,1
18539,0
18545,1
18546,0
18547,0
18548,0
18551,0
18557,0
18559,0
18561,0
18565,0
18567,1
18570,1
18573,1
18576,1
18583,1
18586,1
18588,0
18595,1
18604,0
18610,0
18628,1
18630,0
18632,0
18634,0
18636,1
18647,1
18649,1
18653,0
18657,1
18663,1
18666,1
18668,1
18672,0
18677,0
18679,0
18681,0
18686,0
18690,0
18693,0
18706,1
18713,0
18718,1
18723,0
18724,1
18728,1
18730,1
18735,1
18736,1
18737,1
18744,1
18745,1
18753,1
18754,1
18755,1
18759,0
18765,1
18767,0
18769,0
18776,0
18784,1
18785,0
18787,0
18790,1
18805,1
18806,1
18818,0
18819,1
18820,0
18821,1
18829,0
18831,1
18840,0
18850,1
18856,1
18863,0
18865,1
18866,1
18868,0
18871,1
18874,1
18878,1
18890,0
18894,0
18897,0
18898,1
18902,0
18916,1
18919,1
18922,0
18930,1
18949,0
18957,0
18958,1
18962,0
18965,0
18967,0
18968,1
18969,0
18971,1
18975,0
18977,0
18980,0
18982,1
18983,0
18995,1
18997,1
18998,0
19006,0
19007,1
19013,1
19016,0
19022,0
19025,1
19027,0
19033,0
19036,1
19037,0
19040,1
19050,0
19053,1
19060,0
19064,1
19069,0
19076,1
19078,1
19079,1
19083,0
19090,1
19092,1
19093,0
19104,1
19107,1
19113,1
19130,1
19143,1
19145,0
19155,1
19156,0
19161,1
19164,1
19167,0
19168,0
19170,0
19171,0
19174,1
19183,0
19184,0
19204,0
19211,1
19212,0
19235,1
19236,0
19238,1
19244,0
19246,0
19251,0
19252,0
19254,1
19260,1
19262,1
19273,0
19278,1
19279,1
19281,1
19283,1
19292,0
19295,1
19297,1
19301,1
19303,1
19304,0
19316,0
19319,1
19325,1
19329,1
19335,1
19338,0
19340,1
19345,1
19349,1
19350,0
19356,0
19364,1
19370,1
19373,0
19380,0
19384,1
19387,0
19406,1
19409,1
19411,1
19417,1
19427,0
19429,1
19430,1
19433,1
19436,1
19448,1
19449,1
19461,1
19464,0
19467,0
19468,1
19472,0
19473,0
19474,0
19481,1
19482,1
19491,0
19496,0
19497,0
19499,1
19500,1
19506,1
19514,0
19517,0
19527,0
19532,1
19533,0
19538,0
19551,1
19554,1
19555,0
19559,1
19560,1
19563,1
19567,1
19568,0
19578,1
19588,0
19590,0
19597,0
19598,0
19599,1
19600,1
19604,1
19613,0
19614,1
19630,1
19634,0
19635,1
19646,1
19652,1
19658,1
19659,1
19662,0
19667,0
19668,0
19670,0
19675,1
19681,0
19682,0
19683,1
19684,1
19687,0
19692,0
19698,0
19700,0
19701,0
19704,0
19706,0
19710,1
19712,0
19718,1
19719,1
19723,0
19725,1
19729,1
19731,0
19749,1
19752,0
19755,1
19761,0
19764,1
19770,1
19775,0
19784,0
19785,0
19812,1
19823,1
19825,1
19832,1
19836,1
19841,1
19844,0
19847,0
19853,0
19858,0
19863,1
19865,0
19873,0
19883,1
19889,0
19891,1
19894,0
19897,1
19903,0
19910,1
19913,1
19914,1
19918,0
19923,0
19927,0
19928,1
19942,1
19943,1
19947,1
19949,0
19956,1
19959,0
19962,0
19967,1
19971,0
19976,1
19978,1
19984,1
19985,0
19989,1
19996,1
20011,0
20018,1
20023,1
20024,1
20033,0
20036,0
20040,0
20046,0
20051,0
20052,1
20057,1
20059,1
20061,1
20063,1
20067,1
20069,0
20072,1
20073,0
20081,1
20086,0
20087,0
20088,1
20094,1
20100,1
20104,1
20108,0
20110,1
20116,1
20118,1
20119,0
20134,1
20137,1
20150,0
20153,1
20157,1
20159,1
20166,1
20167,1
20169,1
20170,0
20173,0
20181,1
20182,0
20190,1
20191,0
20194,0
20195,0
20201,1
20205,0
20206,1
20208,0
20210,1
20212,0
20214,1
20220,1
20223,1
20227,0
20231,0
20239,1
20242,0
20245,0
20251,0
20267,1
20268,1
20269,1
20280,0
20288,1
20293,0
20304,1
20306,0
20318,1
20320,1
20322,0
20326,1
20336,1
20337,1
20348,0
20352,1
20354,1
20359,1
20361,1
20365,0
20366,1
20375,0
20377,1
20381,0
20387,1
20394,0
20396,0
20398,1
20406,1
20408,0
20420,0
20438,1
20442,1
20445,1
20449,1
20452,1
20458,1
20459,1
20460,0
20465,0
20467,1
20472,0
20477,0
20480,1
20485,1
20493,1
20501,1
20511,0
20512,0
20516,0
20528,1
20529,0
20538,1
20551,1
20553,0
20562,1
20567,1
20569,1
20570,0
20571,0
20578,0
20579,1
20583,0
20584,0
20585,0
20592,0
20593,0
20606,0
20608,1
20621,1
20632,1
20634,1
20635,0
20657,1
20660,0
20678,0
20681,0
20684,0
20693,1
20695,0
20696,0
20701,0
20702,0
20714,0
20720,0
20722,0
20727,0
20728,0
20731,1
20735,0
20737,1
20749,1
20752,0
20754,1
20758,1
20759,0
20764,1
20767,1
20770,1
20779,0
20793,0
20794,0
20799,1
20801,1
20807,1
20831,1
20832,1
20834,0
20835,1
20836,1
20837,0
20845,0
20846,0
20857,0
20862,1
20864,1
20874,1
20881,0
20887,1
20889,0
20897,0
20900,1
20908,0
20910,1
20916,0
20917,0
20924,0
20925,1
20931,1
20937,0
20940,1
20943,1
20944,1
20945,0
20947,0
20948,0
20955,0
20959,0
20960,1
20963,0
20965,1
20973,1
20977,0
20979,1
20983,1
20986,1
20989,0
20994,1
20996,1
20999,0
21008,0
21010,0
21023,1
21025,1
21030,1
21031,0
21032,1
21035,0
21036,0
21042,1
21052,0
21053,0
21056,0
21057,1
21059,1
21061,1
21062,1
21064,0
21065,0
21067,0
21071,0
21080,1
21087,1
21088,0
21091,0
21095,0
21106,0
21113,1
21120,1
21124,1
21128,1
21129,1
21130,0
21132,0
21133,1
21136,1
21137,1
21139,1
21142,1
21145,0
21156,1
21159,0
21162,0
21165,1
21168,1
21171,0
21172,0
21174,0
21176,0
21179,0
21181,1
21184,0
21186,1
21194,0
21200,1
21204,0
21205,0
21208,1
21209,1
21219,0
21232,0
21238,0
21241,1
21242,0
21248,0
21249,1
21251,0
21255,0
21266,0
21270,0
21271,0
21274,1
21276,0
21277,1
21287,0
21288,1
21294,0
21295,0
21305,0
21309,1
21313,0
21317,1
21320,0
21324,0
21329,0
21330,0
21334,1
21338,1
21339,0
21340,0
21343,1
21346,0
21354,0
21366,1
21379,0
21381,1
21392,0
21393,1
21398,1
21407,0
21412,0
21413,0
21414,1
21417,0
21418,1
21428,1
21429,1
21433,0
21434,1
21442,1
21445,0
21446,0
21448,1
21449,1
21451,0
21456,0
21458,0
21460,1
21463,0
21464,1
21468,0
21483,0
21488,1
21489,0
21492,1
21495,1
21500,1
21501,0
21502,0
21504,0
21510,1
21515,0
21517,0
21518,1
21521,0
21524,1
21529,1
21531,1
21532,1
21537,1
21538,1
21541,0
21544,0
21547,1
21550,1
21557,1
21559,0
21568,1
21574,1
21586,1
21589,0
21595,0
21598,0
21601,0
21603,1
21605,1
21615,1
21617,0
21626,0
21633,1
21638,1
21642,1
21643,1
21644,0
21645,0
21650,0
21652,1
21654,0
21660,0
21662,1
21664,1
21670,1
21671,0
21673,1
21675,1
21692,1
21706,1
21708,0
21711,0
21712,1
21713,1
21720,1
21721,1
21723,0
21729,1
21730,0
21734,1
21741,0
21748,1
21751,1
21752,0
21754,0
21758,0
21766,1
21767,1
21773,0
21775,0
21776,0
21781,1
21785,1
21793,1
21798,1
21800,1
21810,1
21821,1
21822,1
21823,0
21825,1
21829,0
21832,0
21835,1
21836,0
21841,1
21845,0
21852,1
21856,1
21857,1
21860,0
21869,0
21870,0
21884,0
21885,1
21886,0
21887,1
21888,1
21889,0
21890,0
21892,1
21902,0
21914,1
21916,1
21922,0
21923,0
21924,0
21927,0
21928,1
21931,1
21940,0
21951,0
21958,0
21966,0
21970,1
21976,0
21984,1
21985,1
21989,1
21991,1
21994,1
21997,1
22004,1
22008,0
22030,1
22031,1
22032,1
22034,0
22036,0
22041,1
22046,0
22051,1
22057,1
22059,0
22061,1
22063,0
22064,0
22065,0
22069,0
22070,0
22075,0
22084,1
22088,1
22089,0
22092,0
22093,0
22114,0
22122,1
22124,0
22127,0
22129,1
22132,1
22133,0
22135,1
22140,1
22142,1
22143,0
22144,0
22147,0
22151,1
22156,0
22160,1
22162,0
22165,0
22166,1
22169,0
22185,0
22187,0
22190,0
22192,0
22196,0
22199,0
22211,1
22216,0
22217,0
22220,0
22223,1
22230,1
22233,0
22238,1
22242,1
22244,1
22247,1
22250,1
22265,1
22267,1
22269,1
22271,0
22272,0
22273,1
22275,0
22280,1
22292,0
22297,0
22311,0
22313,0
22316,0
22320,0
22321,0
22322,1
22323,1
22324,1
22329,0
22338,0
22345,1
22355,0
22356,1
22364,1
22369,0
22374,1
22380,0
22387,0
22397,0
22402,1
22405,0
22409,0
22413,0
22425,0
22428,0
22430,0
22436,1
22440,1
22445,1
22448,0
22450,0
22454,0
22456,1
22459,1
22463,0
22472,1
22474,0
22476,1
22480,1
22481,1
22482,0
22484,0
22485,0
22489,0
22490,0
22498,0
22502,1
22507,0
22516,0
22519,1
22529,1
22530,0
22537,0
22540,0
22541,1
22544,1
22546,1
22548,1
22550,1
22555,0
22556,1
22558,1
22559,1
22562,0
22564,1
22567,0
22570,0
22576,1
22580,1
22582,1
22584,0
22588,1
22590,0
22600,1
22607,0
22613,1
22614,0
22617,0
22623,0
22624,1
22630,1
22645,0
22652,1
22654,1
22661,1
22667,1
22672,1
22673,0
22687,1
22690,0
22696,1
22699,1
22700,0
22703,0
22711,0
22720,1
22723,0
22729,0
22733,1
22737,0
22744,1
22747,1
22763,1
22765,0
22766,1
22780,1
22789,0
22790,0
22792,0
22793,1
22797,0
22802,1
22803,1
22806,0
22809,0
22810,1
22814,1
22815,1
22817,0
22818,1
22822,1
22825,0
22827,0
22828,1
22829,1
22839,0
22840,0
22841,1
22846,0
22850,1
22854,0
22857,0
22858,1
22865,0
22866,1
22867,0
22868,0
22869,0
22883,0
22884,0
22885,1
22888,1
22890,1
22895,0
22899,1
22900,0
22902,1
22904,1
22905,0
22915,1
22917,0
22921,1
22923,1
22928,0
22937,0
22939,1
22941,0
22943,0
22944,0
22946,1
22947,1
22950,0
22955,0
22961,0
22962,0
22963,1
22968,0
22974,0
22989,0
22993,0
22995,1
22996,0
23001,0
23004,1
23005,0
23009,0
23011,0
23015,0
23016,1
23019,0
23029,0
23033,0
23036,1
23038,1
23044,0
23052,1
23059,1
23063,0
23064,1
23080,1
23081,0
23088,1
23093,1
23094,0
23095,1
23097,0
23102,0
23103,0
23104,0
23105,1
23107,1
23108,0
23109,0
23111,1
23112,0
23123,0
23128,0
23133,0
23138,1
23143,1
23157,1
23164,0
23176,0
23177,0
23195,0
23200,1
23203,0
23204,0
23212,0
23222,1
23235,0
23238,0
23239,0
23241,0
23243,1
23244,0
23250,1
23256,1
23261,1
23269,0
23271,1
23272,1
23284,1
23285,0
23290,1
23294,1
23298,1
23302,0
23304,1
23306,1
23316,1
23318,0
23319,1
23326,1
23328,0
23335,0
23336,1
23337,0
23341,0
23342,1
23343,1
23349,0
23353,0
23357,0
23358,1
23362,0
23366,0
23372,0
23374,1
23387,0
23395,1
23399,0
23400,1
23405,0
23418,1
23420,0
23423,0
23426,1
23432,1
23439,0
23441,1
23442,1
23444,0
23453,1
23458,0
23464,1
23468,0
23476,0
23478,0
23479,0
23489,1
23491,1
23492,0
23494,1
23495,1
23502,1
23507,1
23508,1
23516,1
23519,0
23520,0
23522,0
23523,1
23525,1
23530,0
23533,1
23534,0
23536,0
23537,1
23541,1
23543,0
23546,0
23550,1
23555,1
23557,0
23559,0
23568,0
23570,0
23577,1
23578,0
23580,1
23583,0
23585,0
23590,1
23592,0
23593,0
23608,1
23615,0
23616,0
23617,1
23619,0
23631,1
23632,1
23633,0
23640,0
23647,1
23651,0
23656,0
23660,1
23676,1
23677,1
23678,1
23682,1
23686,0
23687,1
23691,0
23693,1
23694,1
23697,1
23702,0
23717,0
23719,1
23720,1
23727,0
23733,1
23735,0
23738,0
23742,0
23745,1
23751,1
23752,0
23754,0
23755,0
23756,0
23757,0
23770,1
23773,0
23775,0
23777,1
23784,0
23790,0
23791,0
23792,1
23796,1
23797,0
23798,0
23801,0
23802,1
23805,0
23816,1
23819,0
23822,1
23828,0
23847,0
23851,0
23854,1
23866,1
23875,1
23880,0
23881,1
23883,0
23884,0
23888,1
23889,1
23898,1
23899,1
23902,1
23903,0
23914,0
23918,0
23920,1
23923,0
23925,1
23926,1
23930,0
23931,1
23941,1
23942,1
23946,1
23947,1
23948,0
23958,1
23964,0
23969,1
23973,1
23975,1
23988,1
24000,0
24005,0
24006,1
24011,1
24016,1
24021,0
24024,1
24025,1
24032,1
24033,0
24034,1
24038,1
24039,0
24043,1
24047,1
24065,0
24068,0
24072,0
24077,0
24084,1
24093,1
24095,0
24096,0
24100,1
24101,0
24102,1
24104,0
24109,1
24111,0
24113,1
24123,1
24126,1
24134,1
24138,0
24139,1
24141,1
24145,1
24153,0
24154,0
24167,1
24175,1
24176,0
24178,1
24186,0
24189,0
24191,1
24192,1
24197,1
24203,1
24208,0
24209,1
24211,1
24217,0
24223,0
24224,0
24225,1
24228,0
24231,0
24233,1
24235,0
24239,1
24242,1
24243,1
24246,1
24247,1
24253,1
24256,0
24257,1
24265,1
24271,0
24273,0
24275,1
24288,1
24290,1
24291,0
24294,0
24296,0
24298,1
24300,0
24305,1
24306,0
24307,0
24311,1
24318,0
24323,1
24335,0
24339,1
24345,0
24349,0
24350,0
24354,1
24366,0
24367,1
24369,0
24371,1
24372,0
24375,1
24378,1
24380,0
24386,1
24387,1
24393,0
24396,1
24399,1
24402,1
24404,0
24406,1
24407,0
24409,1
24413,0
24414,0
24425,0
24438,1
24442,0
24448,0
24450,0
24452,1
24454,1
24455,0
24456,1
24458,0
24459,0
24462,0
24471,1
24475,0
24481,1
24485,0
24489,0
24496,1
24497,1
24499,0
24502,0
24505,1
24508,1
24518,0
24520,1
24527,0
24539,1
24574,1
24578,0
24586,0
24588,1
24589,0
24598,0
24599,1
24607,0
24612,0
24628,0
24635,0
24643,1
24649,0
24656,1
24663,0
24664,1
24668,1
24669,0
24676,1
24688,0
24689,0
24693,0
24704,0
24705,0
24706,1
24708,0
24709,0
24714,0
24722,1
24726,1
24728,0
24732,0
24740,0
24743,0
24745,1
24765,1
24769,0
24770,1
24771,0
24775,0
24781,0
24787,0
24792,0
24797,0
24806,0
24814,1
24817,0
24820,0
24826,0
24829,1
24830,1
24835,1
24838,0
24840,1
24844,0
24849,1
24852,1
24854,0
24855,0
24861,1
24873,1
24876,0
24880,1
24883,0
24885,1
24887,1
24888,1
24890,1
24892,1
24899,1
24904,0
24910,1
24915,0
24919,1
24923,0
24924,1
24929,1
24931,0
24934,1
24944,0
24945,1
24951,0
24966,0
24983,0
24988,1
25012,0
25015,0
25018,0
25020,1
25027,0
25028,1
25029,1
25033,0
25039,0
25040,0
25041,0
25043,0
25044,0
25046,0
25050,0
25051,0
25060,1
25061,0
25063,0
25064,0
25065,1
25068,1
25069,1
25073,0
25074,1
25077,1
25083,1
25087,0
25094,1
25095,0
25097,1
25098,0
25106,0
25109,1
25111,1
25126,0
25129,0
25133,1
25138,0
25143,0
25146,1
25148,0
25150,0
25151,0
25155,0
25162,0
25163,1
25168,0
25170,0
25172,1
25183,0
25185,0
25189,1
25190,0
25192,1
25193,1
25194,0
25202,0
25209,1
25212,0
25213,0
25214,1
25219,1
25220,1
25223,1
25228,1
25239,0
25242,1
25244,1
25245,0
25248,0
25249,1
25251,0
25252,0
25253,0
25254,1
25260,0
25262,1
25269,1
25271,0
25272,0
25275,1
25276,1
25282,1
25286,1
25300,1
25306,1
25311,0
25314,0
25316,1
25317,0
25320,0
25324,0
25327,0
25328,0
25332,1
25335,1
25339,1
25341,0
25345,1
25346,0
25347,0
25348,1
25353,1
25363,1
25367,1
25368,1
25372,1
25374,1
25388,1
25389,0
25392,0
25394,1
25397,0
25407,0
25415,1
25416,1
25430,1
25446,0
25452,1
25456,0
25464,0
25468,1
25471,1
25472,0
25475,1
25477,1
25480,1
25489,1
25497,1
25503,1
25507,0
25510,0
25518,0
25521,0
25523,1
25525,1
25527,0
25528,0
25532,1
25537,0
25541,0
25543,0
25544,1
25545,0
25547,0
25550,0
25551,0
25561,0
25573,0
25576,1
25579,0
25581,1
25583,0
25584,0
25585,1
25590,0
25591,1
25592,0
25595,0
25598,0
25600,0
25609,0
25614,1
25617,0
25620,1
25621,0
25628,1
25633,1
25634,0
25636,0
25639,1
25646,0
25654,0
25658,1
25666,1
25670,1
25671,0
25677,0
25687,0
25698,0
25703,1
25706,1
25707,1
25712,0
25714,0
25715,0
25730,0
25732,0
25737,0
25740,1
25748,0
25751,0
25754,0
25756,1
25759,1
25766,1
25767,1
25780,0
25783,0
25784,1
25785,0
25787,1
25789,0
25799,1
25809,1
25813,1
25816,1
25820,1
25821,1
25823,1
25826,0
25828,1
25829,0
25831,0
25833,0
25836,1
25838,1
25843,0
25856,1
25857,0
25865,1
25866,1
25868,0
25871,0
25876,0
25878,0
25879,0
25890,1
25891,0
25895,0
25904,0
25907,0
25913,0
25916,1
25918,1
25924,1
25925,0
25929,0
25934,0
25938,1
25942,1
25943,0
25944,1
25952,1
25954,1
25955,1
25957,1
25964,0
25968,1
25969,1
25970,0
25974,0
25977,1
25984,0
25988,1
25992,1
26004,0
26009,0
26011,1
26014,0
26015,0
26023,1
26032,0
26035,0
26036,1
26038,0
26040,1
26045,0
26046,1
26047,1
26050,0
26053,1
26056,1
26059,0
26061,0
26069,1
26073,1
26082,1
26085,0
26088,1
26089,0
26096,1
26097,1
26098,0
26102,0
26103,1
26104,1
26105,1
26121,1
26122,0
26124,1
26128,0
26132,1
26136,1
26143,1
26171,1
26172,0
26179,1
26182,1
26185,1
26186,0
26189,0
26193,1
26194,0
26195,1
26198,0
26200,0
26204,1
26205,0
26210,1
26218,1
26221,0
26225,1
26229,0
26233,0
26243,0
26257,1
26259,0
26260,0
26263,1
26268,1
26271,0
26278,1
26281,0
26297,0
26302,1
26307,0
26308,1
26310,0
26311,0
26313,0
26316,0
26318,1
26337,1
26342,1
26343,1
26344,0
26346,1
26368,0
26369,1
26371,1
26373,1
26374,1
26381,1
26386,0
26387,0
26390,1
26391,0
26392,0
26393,0
26397,1
26403,1
26410,0
26411,0
26412,1
26414,1
26417,1
26418,0
26436,1
26447,1
26448,1
26449,0
26450,0
26451,1
26455,0
26456,0
26460,0
26464,0
26473,0
26475,0
26477,0
26479,0
26483,1
26486,0
26488,0
26494,0
26497,1
26500,1
26501,0
26504,1
26513,1
26514,0
26520,0
26524,1
26526,1
26532,1
26534,1
26535,1
26540,0
26557,1
26561,1
26565,0
26567,1
26569,0
26575,1
26580,0
26585,1
26588,0
26593,1
26603,1
26610,0
26612,0
26620,0
26623,1
26624,0
26626,1
26628,1
26631,0
26632,0
26636,0
26638,0
26639,0
26640,1
26645,0
26649,1
26655,0
26660,1
26662,1
26663,1
26672,1
26677,0
26679,0
26680,1
26682,1
26683,0
26689,1
26694,0
26695,0
26708,0
26714,0
26719,1
26733,0
26734,1
26735,1
26743,0
26748,0
26754,0
26757,0
26762,0
26770,1
26771,1
26774,0
26777,1
26780,1
26791,1
26796,0
26801,0
26808,1
26809,0
26819,1
26824,1
26831,0
26845,0
26848,1
26855,1
26864,1
26867,1
26870,0
26877,0
26889,1
26891,1
26893,1
26898,0
26899,1
26907,1
26912,0
26915,1
26929,1
26931,1
26934,1
26937,1
26939,1
26944,0
26945,1
26953,1
26957,0
26961,1
26965,1
26966,1
26971,0
26974,1
26980,0
26982,1
26991,0
26993,1
26996,0
27001,1
27004,1
27007,0
27012,1
27019,0
27021,0
27025,0
27027,1
27040,1
27048,1
27058,1
27062,1
27063,1
27065,1
27066,1
27070,0
27078,0
27098,1
27099,1
27109,0
27111,0
27112,0
27124,1
27125,1
27127,1
27132,1
27134,0
27153,0
27164,0
27168,1
27190,1
27202,0
27203,0
27210,0
27213,0
27221,1
27224,0
27226,1
27227,0
27231,1
27236,1
27238,0
27245,1
27248,0
27255,0
27257,1
27266,1
27272,0
27275,1
27281,0
27283,1
27285,0
27291,1
27296,1
27298,1
27305,0
27308,0
27309,0
27312,1
27313,1
27317,1
27321,1
27326,1
27335,1
27340,1
27346,1
27348,0
27354,1
27355,1
27359,0
27361,0
27362,1
27363,0
27364,1
27369,1
27371,0
27372,1
27388,0
27394,1
27397,0
27409,0
27410,0
27415,1
27417,0
27422,1
27427,0
27431,0
27435,0
27437,1
27439,0
27446,1
27449,1
27455,0
27460,0
27463,1
27464,1
27477,0
27481,0
27483,1
27502,1
27507,1
27508,1
27511,0
27516,0
27522,0
27528,1
27530,0
27532,1
27533,1
27535,0
27540,1
27545,1
27557,1
27558,1
27560,1
27561,1
27566,0
27570,1
27572,0
27577,1
27590,0
27592,1
27597,1
27599,0
27602,1
27604,0
27620,0
27623,0
27630,0
27635,1
27656,1
27660,0
27672,0
27673,1
27677,1
27686,0
27691,1
27694,0
27705,0
27711,0
27723,1
27725,0
27728,1
27732,0
27733,0
27734,1
27748,0
27762,1
27770,0
27775,1
27778,1
27789,0
27797,0
27800,1
27810,0
27812,1
27813,0
27822,1
27829,0
27831,0
27833,1
27835,1
27842,1
27845,0
27848,0
27850,1
27855,0
27856,0
27857,1
27858,0
27862,0
27864,0
27865,1
27871,1
27873,1
27883,0
27890,0
27891,0
27894,1
27898,0
27906,1
27920,1
27922,0
27923,1
27924,0
27934,0
27939,1
27943,1
27947,0
27950,0
27954,1
27957,0
27960,0
27962,0
27963,0
27964,1
27965,0
27966,0
27973,1
27978,1
27981,0
27984,0
27985,1
27988,1
27990,0
27992,1
27996,1
27998,0
28000,0
28006,1
28010,0
28011,1
28014,0
28015,1
28017,0
28018,1
28028,1
28033,1
28037,1
28044,1
28052,1
28054,1
28062,1
28070,1
28083,1
28085,1
28087,0
28093,1
28097,1
28100,0
28101,0
28108,0
28109,1
28119,0
28121,1
28132,1
28137,0
28142,1
28145,0
28146,1
28149,1
28154,0
28160,1
28162,0
28163,0
28164,1
28165,0
28168,0
28173,0
28177,0
28180,1
28181,0
28182,0
28184,1
28187,0
28188,0
28192,1
28193,1
28196,1
28197,0
28198,0
28200,1
28204,1
28210,0
28215,1
28219,1
28223,1
28230,0
28232,1
28233,0
28234,0
28238,0
28240,0
28243,1
28246,0
28253,0
28254,1
28258,1
28259,1
28265,1
28278,0
28279,1
28281,1
28284,1
28287,1
28288,0
28301,0
28302,0
28303,1
28305,1
28307,1
28309,0
28312,1
28314,0
28315,0
28317,1
28324,0
28337,0
28338,0
28339,1
28341,0
28344,0
28350,0
28354,0
28357,0
28364,0
28365,0
28367,0
28368,0
28379,1
28388,1
28392,1
28393,1
28394,0
28396,0
28397,1
28401,0
28402,0
28405,0
28406,0
28407,1
28417,0
28418,0
28419,0
28422,1
28424,1
28432,0
28437,1
28438,0
28439,1
28446,0
28447,0
28449,1
28450,1
28458,1
28461,0
28462,0
28466,1
28467,0
28469,0
28475,0
28479,0
28491,0
28495,0
28499,0
28501,0
28502,0
28503,1
28507,1
28513,1
28514,1
28518,0
28528,0
28531,0
28541,1
28546,0
28556,0
28559,1
28560,0
28564,0
28567,0
28570,0
28571,0
28573,0
28578,1
28581,1
28584,0
28588,1
28593,1
28598,0
28604,0
28609,1
28613,1
28619,1
28624,1
28625,1
28635,0
28639,1
28640,1
28641,0
28643,0
28646,0
28666,1
28667,0
28668,0
28673,1
28678,1
28680,1
28682,1
28683,0
28691,0
28693,0
28697,1
28709,1
28725,1
28731,1
28732,0
28735,1
28737,1
28739,0
28740,1
28742,0
28746,0
28747,1
28748,0
28758,1
28761,0
28771,0
28772,0
28775,1
28781,1
28792,0
28795,1
28798,0
28803,0
28811,0
28813,1
28815,0
28816,1
28818,0
28821,0
28823,1
28824,1
28827,1
28829,1
28832,1
28833,0
28839,1
28842,0
28843,1
28845,1
28846,1
28850,0
28857,1
28862,1
28867,0
28868,0
28869,0
28871,0
28881,1
28883,0
28889,0
28891,0
28899,1
28910,1
28913,0
28920,0
28925,0
28927,0
28932,0
28936,0
28939,1
28940,0
28948,0
28954,1
28956,1
28957,1
28961,1
28965,1
28971,1
28972,1
28977,1
28979,1
28983,1
28990,1
28991,0
28993,0
28994,1
28995,0
28998,1
29003,1
29006,0
29007,1
29010,0
29016,1
29020,1
29022,1
29023,1
29030,1
29036,1
29039,0
29044,1
29045,0
29047,1
29048,1
29050,0
29052,1
29056,0
29058,1
29060,0
29061,0
29069,1
29074,1
29079,1
29080,0
29083,1
29093,0
29095,1
29104,0
29105,0
29110,1
29112,0
29113,0
29123,1
29131,0
29132,1
29133,0
29135,1
29139,0
29150,0
29152,1
29157,0
29158,1
29166,1
29168,0
29173,1
29176,1
29178,1
29188,1
29193,1
29206,1
29217,0
29220,1
29222,1
29227,1
29233,0
29234,0
29245,1
29246,1
29250,0
29251,0
29253,1
29269,0
29272,1
29273,0
29275,0
29278,0
29285,0
29289,0
29292,0
29302,0
29307,1
29309,1
29311,0
29320,1
29322,0
29331,0
29334,0
29336,1
29341,1
29346,1
29350,0
29355,1
29363,1
29366,0
29369,0
29371,0
29372,0
29379,0
29382,1
29383,0
29389,1
29390,1
29394,0
29398,0
29401,0
29404,0
29408,0
29411,0
29415,0
29417,0
29419,1
29421,0
29422,0
29424,0
29425,0
29428,0
29429,0
29438,0
29440,0
29444,0
29445,1
29447,1
29451,0
29456,0
29457,0
29458,0
29459,0
29462,0
29483,0
29485,1
29487,1
29491,0
29493,1
29496,0
29500,1
29506,1
29508,0
29511,1
29518,1
29523,1
29526,1
29534,0
29541,0
29542,0
29545,1
29549,1
29550,1
29554,1
29570,0
29573,1
29581,1
29594,0
29596,0
29603,0
29607,0
29619,1
29627,0
29631,0
29638,1
29641,1
29649,0
29650,0
29656,1
29661,0
29665,1
29666,0
29667,1
29668,0
29675,1
29678,1
29682,1
29689,1
29697,0
29703,1
29711,1
29727,1
29737,1
29740,0
29750,0
29755,1
29766,1
29774,0
29778,1
29783,0
29785,0
29789,1
29801,0
29802,1
29810,0
29820,1
29823,0
29825,0
29827,1
29831,1
29838,0
29842,1
29848,0
29852,1
29858,0
29859,1
29860,1
29862,0
29872,1
29873,0
29883,1
29884,1
29891,1
29906,1
29909,1
29917,1
29918,1
29921,0
29926,0
29929,0
29941,0
29942,0
29957,0
29959,1
29964,1
29967,1
29968,0
29974,1
29977,1
29982,0
29985,0
29989,0
